status,coin_index,coin_symbol,coin_name,key_derivation,hash,private_header,public_header,public_key_hash,script_hash,wallet_import_format,evm,ucid
1,0,BTC,Bitcoin,secp256k1,sha256,0x0488ADE4,0x0488B21E,0x00,0x05,0x80,,1
1,2,LTC,Litecoin,secp256k1,sha256,0x019D9CFE,0x019DA462,0x30,0x32,0xb0,,2
1,3,DOGE,Dogecoin,secp256k1,sha256,0x02FAC398,0x02FACAFD,0x1e,0x16,0x9e,,74
1,4,RDD,Reddcoin,secp256k1,sha256,,,0x3d,,0xbd,,118
1,5,DASH,Dash,secp256k1,sha256,,,0x4c,0x10,0xcc,,131
1,6,PPC,Peercoin,secp256k1,sha256,,,0x37,0x75,0xb7,,5
1,7,NMC,Namecoin,secp256k1,sha256,,,0x34,0x0D,0xb4,,3
1,8,FTC,Feathercoin,secp256k1,sha256,0x0488DAEE,0x0488BC26,0x0e,,0x8e,,8
1,9,XCP,Counterparty,secp256k1,sha256,,,0x00,,0x80,,132
1,10,BLK,Blackcoin,secp256k1,sha256,0x02CFBF60,0x02CFBEDE,0x19,0x55,0x99,,170
1,11,NSR,NuShares,secp256k1,sha256,,,0x3f,0x40,0x95,,699
1,12,NBT,NuBits,secp256k1,sha256,,,0x19,0x1a,0x96,,626
1,13,MAZA,Mazacoin,secp256k1,sha256,,,0x32,0x09,0xe0,,164
1,14,VIA,Viacoin,secp256k1,sha256,,,0x47,0x21,0xc7,,470
0,15,XCH,ClearingHouse,,,,,,,,,652
1,16,RBY,Rubycoin,secp256k1,sha256,,,0x3c,0x55,0xbc,,215
1,17,GRS,Groestlcoin,secp256k1,sha256,,,0x24,,0x80,,258
1,18,DGC,Digitalcoin,secp256k1,sha256,,0x9E0488B2,0x1e,,0x9e,,18
0,19,CCN,Cannacoin,,,,,,,,,279
1,20,DGB,DigiByte,secp256k1,sha256,,,0x1e,,,,109
1,21,OA,Open Assets,secp256k1,sha256,,,0x00,0x05,0x80,,
1,22,MONA,Monacoin,secp256k1,sha256,,,0x32,0x37,0xb0,,213
1,23,CLAM,Clams,secp256k1,sha256,0xA8C17826,0xA8C26D64,0x89,0x0D,0x85,,460
0,24,XPM,Primecoin,,,,,,,,,42
1,25,NEOS,Neoscoin,secp256k1,sha256,,,0x35,,0xb1,,
1,26,JBS,Jumbucks,secp256k1,sha256,0x037A6460,0x037A689A,0x2b,,0xab,,
0,27,ZRC,ziftrCOIN,,,,,,,,,835
1,28,VTC,Vertcoin,secp256k1,sha256,,,0x47,,,,99
0,29,NXT,NXT,,,,,,,,,66
0,30,BURST,Burst,,,,,,,,,573
0,31,MUE,MonetaryUnit,,,,,,,,,706
0,32,ZOOM,Zoom,,,,,,,,,1000
0,33,VASH,Virtual Cash,,,,,,,,,
1,34,CDN,Canada eCoin,secp256k1,sha256,,,0x1c,,0x9c,,304
1,35,SDC,ShadowCash,secp256k1,sha256,0xEE8031E8,0xEE80286A,0x3f,0x7d,0xbf,,493
0,36,PKB,ParkByte,,,,,,,,,934
0,37,PND,Pandacoin,,,,,,,,,161
0,38,START,StartCOIN,,,,,,,,,389
0,39,MOIN,MOIN,,,,,,,,,1141
1,40,EXP,Expanse,secp256k1,keccak256,,,,,,TRUE,1070
1,41,EMC2,Einsteinium,secp256k1,sha256,,,0x21,,0xa1,,201
0,42,DCR,Decred,secp256k1,blake256,0x02FDA4E8,0x02FDA926,0x073f,0x071a,0x22de,,1168
1,43,XEM,NEM,ed25519,,,,0x68,,,,873
1,44,PART,Particl,secp256k1,sha256,0x8F1DAEB8,0x696E82D1,0x38,0x3c,0x6c,,1826
0,45,ARG,Argentum,,,,,,,,,31
0,46,LIBERTAS,Libertas,,,,,,,,,5997
1,47,POSW,Posw coin,secp256k1,sha256,,,0x37,0x55,0xb7,,1495
0,48,SHR,Shreeji,,,,,,,,,
1,49,GCR,Global Currency Reserve,secp256k1,sha256,,,0x26,0x61,0x9a,,7855
1,50,NVC,Novacoin,secp256k1,sha256,,,0x08,0x14,0x88,,6
1,51,AC,Asiacoin,secp256k1,sha256,,,0x17,0x08,0x97,,269
0,52,BTCD,BitcoinDark,,,,,,,,,467
0,53,DOPE,Dopecoin,,,,,,,,,145
0,54,TPC,Templecoin,,,,,,,,,
0,55,AIB,Advanced Internet Blocks,,,,,,,,,911
1,56,EDRC,EDRCoin,secp256k1,sha256,,,0x5d,0x1c,0xdd,,1216
1,57,SYS,Syscoin,secp256k1,sha256,,,0x3f,,,,541
1,58,SLR,Solarcoin,secp256k1,sha256,,,0x12,,0x92,,233
1,59,SMLY,Smileycoin,secp256k1,sha256,0x1E5631BC,0x1E562D9A,0x19,,0x05,,799
1,60,ETH,Ethereum,secp256k1,keccak256,,,,,,,1027
1,61,ETC,Ethereum Classic,secp256k1,keccak256,,,,,,TRUE,1321
1,62,PSB,Pesobit,secp256k1,sha256,,,0x37,0x55,0xb7,,1404
1,63,LDCN,Landcoin,secp256k1,sha256,,,0x30,0x7a,0x7a,,1507
0,64,OC,Open Chain,,,,,,,,,
1,65,XBC,Bitcoin Plus,secp256k1,sha256,,,0x19,0x08,0x99,,293
1,66,IOP,Internet of People,secp256k1,sha256,0xAE3416F6,0x2780915F,0x75,0xae,0x31,,1464
0,67,NXS,Nexus,,,,,,,,,789
1,68,INSN,InsaneCoin,secp256k1,sha256,,,0x66,0x39,0x37,,1678
1,69,OK,OKCash,secp256k1,sha256,0x03CC1C73,0x03CC23D7,0x37,0x1c,0x03,,760
1,70,BRIT,BritCoin,secp256k1,sha256,,,0x19,0x55,0x99,,426
1,71,CMP,Compcoin,secp256k1,sha256,,,0x1c,0x55,0x9c,,1855
0,72,CRW,Crown,,,,,,,,,720
1,73,BELA,BelaCoin,secp256k1,sha256,,,0x19,,0x99,,217
0,74,ICX,ICON,,,,,,,,,2099
1,75,FJC,FujiCoin,secp256k1,sha256,,,0x24,0x10,0xa4,,960
1,76,MIX,MIX,secp256k1,keccak256,,,,,,TRUE,4382
1,77,XVG,Verge,secp256k1,sha256,,,0x1e,0x21,0x9e,,693
1,78,EFL,e-Gulden,secp256k1,sha256,,,0x30,,0xb0,,234
1,79,CLUB,ClubCoin,secp256k1,sha256,,,0x1c,0x55,0x99,,1135
0,80,RICHX,RichCoin,,,,,,,,,1269
1,81,POT,Potcoin,secp256k1,sha256,,,0x37,,0xb7,,122
0,82,QRK,Quarkcoin,,,,,,,,,53
0,83,TRC,Terracoin,,,,,,,,,4
1,84,GRC,Gridcoin,secp256k1,sha256,,,0x3e,0x55,0xbe,,833
1,85,AUR,Auroracoin,secp256k1,sha256,,,0x17,,0x97,,148
1,86,IXC,IXCoin,secp256k1,sha256,,,0x8a,,0x05,,13
1,87,NLG,Gulden,secp256k1,sha256,,,0x26,0x62,0x62,,254
0,88,BITB,BitBean,,,,,,,,,819
1,89,BTA,Bata,secp256k1,sha256,0xA40B91BD,0xA40C86FA,0x19,,0xa4,,945
1,90,XMY,Myriadcoin,secp256k1,sha256,,,0x32,0x09,0xb2,,182
1,91,BSD,BitSend,secp256k1,sha256,,,0x66,,0xcc,,366
1,92,UNO,Unobtanium,secp256k1,sha256,,,0x82,0x1e,0xe0,,67
0,93,MTR,MasterTrader,,,,,,,,,
0,94,GB,GoldBlocks,,,,,,,,,1285
0,95,SHM,Saham,,,,,,,,,
0,96,CRX,Chronos,,,,,,,,,1315
0,97,BIQ,Ubiquoin,,,,,,,,,
0,98,EVO,Evotion,,,,,,,,,1130
0,99,STO,SaveTheOcean,,,,,,,,,
0,100,BIGUP,BigUp,,,,,,,,,1198
1,101,GAME,GameCredits,secp256k1,sha256,,,0x26,,0xa6,,576
0,102,DLC,Dollarcoins,,,,,,,,,1395
0,103,ZYD,Zayedcoin,,,,,,,,,1389
0,104,DBIC,Dubaicoin,,,,,,,,,1186
1,105,STRAT,Stratis,secp256k1,sha256,,,0x3f,0x7d,0xbf,,1343
0,106,SH,Shilling,,,,,,,,,1394
0,107,MARS,MarsCoin,,,,,,,,,154
1,108,UBQ,Ubiq,secp256k1,keccak256,,,,,,TRUE,588
0,109,PTC,Pesetacoin,,,,,,,,,
1,110,NRO,Neurocoin,secp256k1,sha256,,,0x35,0x75,0xb5,,1717
0,111,ARK,ARK,,,,,,,,,1586
1,112,USC,Ultimate Secure Cash,secp256k1,sha256,0xEE8031E8,0xEE80286A,0x44,0x7d,0xbf,,1617
1,113,THC,Hempcoin,secp256k1,sha256,,,0x28,0x08,0xa8,,416
1,114,LINX,Linx,secp256k1,sha256,,,0x4b,,0xcb,,1724
1,115,ECN,E-coin,secp256k1,sha256,,,0x5c,0x14,0xdc,,1618
1,116,DNR,Denarius,secp256k1,sha256,,,0x1e,0x5a,0x9e,,1769
1,117,PINK,Pinkcoin,secp256k1,sha256,,,0x03,0x1c,0x83,,313
1,118,ATOM,Cosmos,secp256k1,sha256+ripemd160,,,,,,,3794
1,119,PIVX,Pivx,secp256k1,sha256,0x0221312B,0x022D2533,0x1e,0x0d,0xd4,,1169
1,120,FLASH,Flashcoin,secp256k1,sha256,,,0x44,0x82,0xc4,,1755
1,121,ZEN,Horizen,secp256k1,sha256,,,0x2089,0x2096,,,1698
1,122,PUT,Putincoin,secp256k1,sha256,,,0x37,0x14,0xb7,,1299
0,123,ZNY,BitZeny,,,,,,,,,990
0,124,UNIFY,Unify,,,,,,,,,1736
0,125,XST,StealthCoin,,,,,,,,,448
0,126,BRK,Breakout Coin,,,,,,,,,1286
1,127,XVC,Vcash,secp256k1,sha256,,,0x47,0x08,0xc7,,836
1,128,XMR,Monero,ed25519,keccak256,,,0x7F,0xC4,0x3F,,328
0,129,VOX,Voxels,,,,,,,,,
1,130,NAV,NavCoin (Legacy),secp256k1,sha256,,,0x35,0x55,0x96,,377
0,131,FCT,Factom Factoids,,,,,,,,,1087
0,132,EC,Factom Entry Credits,,,,,,,,,
1,133,ZEC,Zcash,secp256k1,sha256,,,0x1CB8,0x1CBD,,,1437
0,134,LSK,Lisk,,,,,,,,,1214
0,135,STEEM,Steem,,,,,,,,,1230
1,136,XZC,Zcoin,secp256k1,sha256,,,0x52,0x07,0xd2,,1414
1,137,RBTC,Rootstock Bitcoin,secp256k1,keccak256,,,,,,TRUE,3626
0,138,GB,Giftblock,,,,,,,,,
0,139,RPT,RealPointCoin,,,,,,,,,1585
1,140,LBC,LBRY Credits,secp256k1,sha256,,,0x55,0x7a,0x1c,,1298
1,141,KMD,Komodo,secp256k1,sha256,,,0x3c,0x55,0xbc,,1521
0,142,BSQ,bisq Token,,,,,,,,,
0,143,RIC,Riecoin,,,,,,,,,160
1,144,XRP,XRP,secp256k1,sha256+ripemd160,,,0x00,0x05,,,52
1,145,BCH,Bitcoin Cash,secp256k1,sha256,,,0x6f,0xc4,0xef,,1831
1,146,NEBL,Neblio,secp256k1,sha256,,,0x35,0x70,0xb5,,1955
1,147,ZCL,ZClassic,secp256k1,sha256,,,0x1CB8,0x1CBD,,,1447
0,148,XLM,Stellar,ed25519,sha256,,,,,,,512
0,149,NLC2,NoLimitCoin2,,,,,,,,,
0,150,WHL,WhaleCoin,,,,,,,,,
1,151,ERC,EuropeCoin,secp256k1,sha256,,,0x21,,0xa8,,964
1,152,DMD,Diamond,secp256k1,sha256,,,0x5a,0x08,0xda,,77
0,153,BTM,Bytom,,,,,,,,,
0,154,BIO,Biocoin,,,,,,,,,
0,155,XWCC,Whitecoin Classic,,,,,,,,,
1,156,BTG,Bitcoin Gold,secp256k1,sha256,,,0x26,0x17,,,2083
0,157,BTC2X,Bitcoin 2x,,,,,,,,,
0,158,SSN,SuperSkynet,,,,,,,,,
1,159,TOA,TOACoin,secp256k1,sha256,,,0x41,0x17,0xc1,,1833
1,160,BTX,Bitcore,secp256k1,sha256,,,0x03,0x7D,,,1654
1,161,ACC,Adcoin,secp256k1,sha256,,,0x17,,0xb0,,1915
0,162,BCO,Bridgecoin,,,,,,,,,
1,163,ELLA,Ellaism,secp256k1,keccak256,,,,,,TRUE,2122
0,164,PIRL,Pirl,,,,,,,,,
1,165,XNO,Nano,ed25519,blake2b,,,,,,,1567
1,166,VIVO,Vivo,secp256k1,sha256,,,0x46,0x0a,0xc6,,1956
1,167,FRST,Firstcoin,secp256k1,sha256,,,0x23,,0xa3,,1522
1,168,HNC,Helleniccoin,secp256k1,sha256,,,0x30,,0xb0,,1004
0,169,BUZZ,BUZZ,,,,,,,,,
0,170,MBRS,Ember,,,,,,,,,
0,171,HC,Hcash,,,,,,,,,
1,172,HTML,HTML Coin,secp256k1,keccak256,,,,,,TRUE,2315
0,173,ODN,Obsidian,,,,,,,,,
0,174,ONX,OnixCoin,,,,,,,,,
1,175,RVN,Ravencoin,secp256k1,sha256,,,0x3c,0x7a,,,2577
1,176,GBX,GoByte,secp256k1,sha256,,,0x26,0x0a,0xc6,,2200
1,177,BTCZ,BitcoinZ,secp256k1,sha256,,,0x1CB8,0x1CBD,,,2041
1,178,POA,Poa,secp256k1,keccak256,,,,,,TRUE,2548
1,179,NYC,NewYorkCoin,secp256k1,sha256,,,0x3c,0x16,0xbc,,298
0,180,MXT,MarteXcoin,,,,,,,,,
1,181,WC,Wincoin,secp256k1,sha256,,,0x49,0x1c,0xc9,,2201
1,182,MNX,Minexcoin,secp256k1,sha256,,,0x4b,,,,2139
1,183,BTCP,Bitcoin Private,secp256k1,sha256,,,0x1325,0x13AF,,,2575
0,184,MUSIC,Musicoin,,,,,,,,,
1,185,BCA,Bitcoin Atom,secp256k1,sha256,,,0x17,0x0a,,,2387
1,186,CRAVE,Crave,secp256k1,sha256,,,0x46,0x55,0x99,,869
0,187,STAK,STRAKS,,,,,,,,,
0,188,WBTC,World Bitcoin,,,,,,,,,
0,189,LCH,LiteCash,,,,,,,,,
1,190,EXCL,ExclusiveCoin,secp256k1,sha256,,,0x21,0x89,0xa1,,633
1,191,LYNX,Lynx,secp256k1,sha256,,,0x2d,0x32,0xad,,3099
1,192,LCC,LitecoinCash,secp256k1,sha256,,,0x1c,,0xb0,,2540
0,193,XFE,Feirm,,,,,,,,,
0,194,EOS,EOS,secp256k1,sha256,,,,,,,
1,195,TRX,Tron,secp256k1,keccak256,,,0x41,,,TRUE,1958
1,196,KOBO,Kobocoin,secp256k1,sha256,,,0x23,0x1c,0xa3,,815
1,197,HUSH,HUSH,secp256k1,sha256,,,0x1CB8,0x1CBD,,,1466
0,198,BAN,Banano,,,,,,,,,
0,199,ETF,ETF,,,,,,,,,
1,200,OMNI,Omni,secp256k1,keccak256,,,,,,TRUE,83
0,201,BIFI,BitcoinFile,,,,,,,,,
0,202,UFO,Uniform Fiscal Object,,,,,,,,,
0,203,CNMC,Cryptonodes,,,,,,,,,
0,204,BCN,Bytecoin,,,,,,,,,
0,205,RIN,Ringo,,,,,,,,,
0,206,ATP,Alaya,,,,,,,,,
0,207,EVT,everiToken,,,,,,,,,
0,208,ATN,ATN,,,,,,,,,
0,209,BIS,Bismuth,,,,,,,,,
0,210,NEET,NEETCOIN,,,,,,,,,
0,211,BOPO,BopoChain,,,,,,,,,
0,212,OOT,Utrum,,,,,,,,,
0,213,ALIAS,Alias,,,,,,,,,
1,214,MONK,Monkey Project,secp256k1,sha256,0x0488DDE4,,0x33,0x1c,0x37,,
0,215,BOXY,BoxyCoin,,,,,,,,,
0,216,FLO,Flo,,,,,,,,,
1,217,MEC,Megacoin,secp256k1,sha256,,,0x32,,0xB2,,37
1,218,BTDX,BitCloud,secp256k1,sha256,,,0x19,,0x99,,1381
1,219,XAX,Artax,secp256k1,sha256,,,0x17,0x1CBD,0x97,,
1,220,ANON,ANON,secp256k1,sha256,,,0x0582,0x5389,,,3343
1,221,LTZ,LitecoinZ,secp256k1,sha256,,,0x0AB3,0x0AB8,,,6021
1,222,BITG,Bitcoin Green,secp256k1,sha256,,,0x26,0x1CBD,0x2E,,
0,223,ICP,Internet Computer (DFINITY),,,,,,,,,
0,224,SMART,Smartcash,,,,,,,,,
1,225,XUEZ,XUEZ,secp256k1,sha256,0x0221312B,0x022D2533,0x4b,0x12,0xd4,,3798
0,226,HLM,Helium,,,,,,,,,
0,227,WEB,Webchain,,,,,,,,,
0,228,ACM,Actinium,,,,,,,,,
0,229,NOS,NOS Stable Coins,,,,,,,,,
0,230,BITC,BitCash,,,,,,,,,
1,231,HTH,Help The Homeless Coin,secp256k1,keccak256,,,,,,TRUE,
0,232,TZC,Trezarcoin,,,,,,,,,
0,233,VAR,Varda,,,,,,,,,
0,234,IOV,IOV,,,,,,,,,
0,235,FIO,FIO,,,,,,,,,
1,236,BSV,Bitcoin SV,secp256k1,sha256,,,,,,,3602
0,237,DXN,DEXON,,,,,,,,,
0,238,QRL,Quantum Resistant Ledger,,,,,,,,,
0,239,PCX,ChainX,,,,,,,,,
0,240,LOKI,Loki,,,,,,,,,
0,241,IW,Imagewallet,,,,,,,,,
0,242,NIM,Nimiq,,,,,,,,,
0,243,SOV,Sovereign Coin,,,,,,,,,
0,244,JCT,Jibital Coin,,,,,,,,,
0,245,SLP,Simple Ledger Protocol,,,,,,,,,
1,246,EWT,Energy Web Token,secp256k1,keccak256,,,,,,TRUE,5268
0,247,UC,Ulord,,,,,,,,,
0,248,EXOS,EXOS,,,,,,,,,
0,249,ECA,Electra,,,,,,,,,
0,250,SOOM,Soom,,,,,,,,,
0,251,XRD,Redstone,,,,,,,,,
0,252,FREE,FreeCoin,,,,,,,,,
0,253,NPW,NewPowerCoin,,,,,,,,,
0,254,BST,BlockStamp,,,,,,,,,
0,255,STH,SmartHoldem,,,,,,,,,
0,256,NANO,Bitcoin Nano,,,,,,,,,
0,257,BTCC,Bitcoin Core,,,,,,,,,
0,258,ZP,Zen Protocol,,,,,,,,,
0,259,ZEST,Zest,,,,,,,,,
0,260,ABT,ArcBlock,,,,,,,,,
0,261,PION,Pion,,,,,,,,,
0,262,DT3,DreamTeam3,,,,,,,,,
0,263,ZBUX,Zbux,,,,,,,,,
0,264,KPL,Kepler,,,,,,,,,
0,265,TPAY,TokenPay,,,,,,,,,
0,266,ZILLA,ChainZilla,,,,,,,,,
0,267,ANK,Anker,,,,,,,,,
0,268,BCC,BCChain,,,,,,,,,
0,269,HPB,HPB,,,,,,,,,
0,270,ONE,ONE,,,,,,,,,
0,271,SBC,SBC,,,,,,,,,
0,272,IPC,IPChain,,,,,,,,,
0,273,DMTC,Dominantchain,,,,,,,,,
0,274,OGC,Onegram,,,,,,,,,
0,275,SHIT,Shitcoin,,,,,,,,,
0,276,ANDES,Andescoin,,,,,,,,,
0,277,AREPA,Arepacoin,,,,,,,,,
1,278,BOLI,Bolivarcoin,secp256k1,sha256,,,0x55,,0xD5,,1053
0,279,RIL,Rilcoin,,,,,,,,,
0,280,HTR,Hathor Network,,,,,,,,,
0,281,ACME,Accumulate,,,,,,,,,
0,282,BRAVO,BRAVO,,,,,,,,,
0,283,ALGO,Algorand,ed25519,,,,,,,,
0,284,BZX,Bitcoinzero,,,,,,,,,
0,285,GXX,GravityCoin,,,,,,,,,
0,286,HEAT,HEAT,,,,,,,,,
0,287,XDN,DigitalNote,,,,,,,,,
1,288,FSN,FUSION,secp256k1,keccak256,,,,,,TRUE,2530
0,289,CPC,Capricoin,,,,,,,,,
0,290,BOLD,Bold,,,,,,,,,
0,291,IOST,IOST,,,,,,,,,
0,292,TKEY,Tkeycoin,,,,,,,,,
0,293,USE,Usechain,,,,,,,,,
0,294,BCZ,BitcoinCZ,,,,,,,,,
0,295,IOC,Iocoin,,,,,,,,,
0,296,ASF,Asofe,,,,,,,,,
0,297,MASS,MASS,,,,,,,,,
0,298,FAIR,FairCoin,,,,,,,,,
0,299,NUKO,Nekonium,,,,,,,,,
0,300,GNX,Genaro Network,,,,,,,,,
1,301,DIVI,Divi Project,secp256k1,sha256,0x0221312B,0x022D2533,0x1e,0x0d,0xd4,,3441
0,302,CMT,Community,,,,,,,,,
0,303,EUNO,EUNO,,,,,,,,,
1,304,IOTX,IoTeX,secp256k1,keccak256,,,,,,TRUE,2777
1,305,ONION,DeepOnion,secp256k1,sha256,,,0x1F,0x4E,0x9F,,1881
0,306,8BIT,8Bit,,,,,,,,,
0,307,ATC,AToken Coin,,,,,,,,,
0,308,BTS,Bitshares,,,,,,,,,
0,309,CKB,Nervos CKB,secp256k1,blake2b,,,,,,,
0,310,UGAS,Ultrain,,,,,,,,,
0,311,ADS,Adshares,,,,,,,,,
0,312,ARA,Aura,,,,,,,,,
1,313,ZIL,Zilliqa,secp256k1,sha256,,,,,,,2469
0,314,MOAC,MOAC,,,,,,,,,
0,315,SWTC,SWTC,,,,,,,,,
0,316,VNSC,vnscoin,,,,,,,,,
0,317,PLUG,Plug,,,,,,,,,
0,318,MAN,Matrix AI Network,,,,,,,,,
0,319,ECC,ECCoin,,,,,,,,,
1,320,RPD,Rapids,secp256k1,sha256,,,0x3d,0x06,0x2e,,3432
0,321,RAP,Rapture,,,,,,,,,
0,322,GARD,Hashgard,,,,,,,,,
0,323,ZER,Zero,,,,,,,,,
0,324,EBST,eBoost,,,,,,,,,
0,325,SHARD,Shard,,,,,,,,,
0,326,MRX,Metrix Coin,,,,,,,,,
0,327,CMM,Commercium,,,,,,,,,
0,328,BLOCK,Blocknet,,,,,,,,,
0,329,AUDAX,AUDAX,,,,,,,,,
0,330,LUNA,Terra,,,,,,,,,
0,331,ZPM,zPrime,,,,,,,,,
0,332,KUVA,Kuva Utility Note,,,,,,,,,
0,333,MEM,MemCoin,,,,,,,,,
0,334,CS,Credits,,,,,,,,,
0,335,SWIFT,SwiftCash,,,,,,,,,
1,336,FIX,FIX,secp256k1,sha256,0x0221312B,0x022D2533,0x23,0x5F,0x3C,,
0,337,CPC,CPChain,,,,,,,,,
0,338,VGO,VirtualGoodsToken,,,,,,,,,
0,339,DVT,DeVault,,,,,,,,,
0,340,N8V,N8VCoin,,,,,,,,,
0,341,MTNS,OmotenashiCoin,,,,,,,,,
0,342,BLAST,BLAST,,,,,,,,,
0,343,DCT,DECENT,,,,,,,,,
0,344,AUX,Auxilium,,,,,,,,,
0,345,USDP,USDP,,,,,,,,,
0,346,HTDF,HTDF,,,,,,,,,
0,347,YEC,Ycash,,,,,,,,,
0,348,QLC,QLC Chain,,,,,,,,,
0,349,TEA,Icetea Blockchain,,,,,,,,,
0,350,ARW,ArrowChain,,,,,,,,,
0,351,MDM,Medium,,,,,,,,,
0,352,CYB,Cybex,,,,,,,,,
0,353,LTO,LTO Network,,,,,,,,,
0,354,DOT,Polkadot,ed25519,,,,,,,,
0,355,AEON,Aeon,,,,,,,,,
0,356,RES,Resistance,,,,,,,,,
1,357,AYA,Aryacoin,secp256k1,sha256,,,0x17,0x6f,0x97,,3973
0,358,DAPS,Dapscoin,,,,,,,,,
0,359,CSC,CasinoCoin,,,,,,,,,
0,360,VSYS,V Systems,,,,,,,,,
0,361,NOLLAR,Nollar,,,,,,,,,
0,362,XNOS,NOS,,,,,,,,,
1,363,CPU,CPUchain,secp256k1,sha256,,,0x1c,0x1E,,,4178
0,364,LAMB,Lambda Storage Chain,,,,,,,,,
0,365,VCT,ValueCyber,,,,,,,,,
0,366,CZR,Canonchain,,,,,,,,,
0,367,ABBC,ABBC,,,,,,,,,
0,368,HET,HET,,,,,,,,,
0,369,XAS,Asch,,,,,,,,,
0,370,VDL,Vidulum,,,,,,,,,
0,371,MED,MediBloc,,,,,,,,,
0,372,ZVC,ZVChain,,,,,,,,,
0,373,VESTX,Vestx,,,,,,,,,
0,374,DBT,DarkBit,,,,,,,,,
0,375,SEOS,SuperEOS,,,,,,,,,
0,376,MXW,Maxonrow,,,,,,,,,
0,377,ZNZ,ZENZO,,,,,,,,,
0,378,XCX,XChain,,,,,,,,,
0,379,SOX,SonicX,,,,,,,,,
0,380,NYZO,Nyzo,,,,,,,,,
0,381,ULC,ULCoin,,,,,,,,,
0,382,RYO,Ryo Currency,,,,,,,,,
0,383,KAL,Kaleidochain,,,,,,,,,
0,384,XSN,Stakenet,,,,,,,,,
0,385,DOGEC,DogeCash,,,,,,,,,
0,386,BMV,Bitcoin Matteo's Vision,,,,,,,,,
0,387,QBC,Quebecoin,,,,,,,,,
0,388,IMG,ImageCoin,,,,,,,,,
0,389,QOS,QOS,,,,,,,,,
0,390,PKT,PKT,,,,,,,,,
0,391,LHD,LitecoinHD,,,,,,,,,
0,392,CENNZ,CENNZnet,,,,,,,,,
0,393,HSN,Hyper Speed Network,,,,,,,,,
1,394,CRO,Cronos (Crypto Chain),secp256k1,keccak256,,,,,,TRUE,3635
0,395,UMBRU,Umbru,,,,,,,,,
0,396,EVER,Everscale,,,,,,,,,
1,397,NEAR,NEAR Protocol,secp256k1,keccak256,,,,,,TRUE,6535
0,398,XPC,XPChain,,,,,,,,,
0,399,ZOC,01coin,,,,,,,,,
1,400,NIX,NIX,secp256k1,sha256,,,0x26,0x35,,,2991
0,401,UC,Utopiacoin,,,,,,,,,
0,402,GALI,Galilel,,,,,,,,,
0,403,OLT,Oneledger,,,,,,,,,
0,404,XBI,XBI,,,,,,,,,
0,405,DONU,DONU,,,,,,,,,
0,406,EARTHS,Earths,,,,,,,,,
0,407,HDD,HDDCash,,,,,,,,,
1,408,SUGAR,Sugarchain,secp256k1,sha256,,,0x3f,0x7d,,,7935
0,409,AILE,AileCoin,,,,,,,,,
0,410,TENT,TENT,,,,,,,,,
0,411,TAN,Tangerine Network,,,,,,,,,
0,412,AIN,AIN,,,,,,,,,
0,413,MSR,Masari,,,,,,,,,
0,414,SUMO,Sumokoin,,,,,,,,,
0,415,ETN,Electroneum,,,,,,,,,
0,416,BYTZ,BYTZ,,,,,,,,,
0,417,WOW,Wownero,,,,,,,,,
0,418,XTNC,XtendCash,,,,,,,,,
0,419,LTHN,Lethean,,,,,,,,,
0,420,NODE,NodeHost,,,,,,,,,
1,421,AGM,Argoneum,secp256k1,sha256,,,0x32,0x61,0xbf,,4482
0,422,CCX,Conceal Network,,,,,,,,,
0,423,TNET,Title Network,,,,,,,,,
0,424,TELOS,TelosCoin,,,,,,,,,
0,425,AION,Aion,,,,,,,,,
0,426,BC,Bitcoin Confidential,,,,,,,,,
0,427,KTV,KmushiCoin,,,,,,,,,
0,428,ZCR,ZCore,,,,,,,,,
0,429,ERG,Ergo,,,,,,,,,
0,430,PESO,Criptopeso,,,,,,,,,
0,431,BTC2,Bitcoin 2,,,,,,,,,
0,432,XRPHD,XRPHD,,,,,,,,,
0,433,WE,WE Coin,,,,,,,,,
0,434,KSM,Kusama,,,,,,,,,
0,435,PCN,Peepcoin,,,,,,,,,
0,436,NCH,NetCloth,,,,,,,,,
0,437,ICU,CHIPO,,,,,,,,,
0,438,FNSA,FINSCHIA,,,,,,,,,
0,439,DTP,DeVault Token Protocol,,,,,,,,,
0,440,BTCR,Bitcoin Royale,,,,,,,,,
0,441,AERGO,AERGO,,,,,,,,,
0,442,XTH,Dothereum,,,,,,,,,
0,443,LV,Lava,,,,,,,,,
1,444,PHR,Phore,secp256k1,sha256,0x0221312B,0x022D2533,0x37,0x0D,0xD4,,2158
0,445,VITAE,Vitae,,,,,,,,,
0,446,COCOS,Cocos-BCX,,,,,,,,,
0,447,DIN,Dinero,,,,,,,,,
0,448,SPL,Simplicity,,,,,,,,,
0,449,YCE,MYCE,,,,,,,,,
0,450,XLR,Solaris,,,,,,,,,
0,451,KTS,Klimatas,,,,,,,,,
0,452,DGLD,DGLD,,,,,,,,,
0,453,XNS,Insolar,,,,,,,,,
0,454,EM,EMPOW,,,,,,,,,
0,455,SHN,ShineBlocks,,,,,,,,,
1,456,SEELE,Seele,secp256k1,keccak256,,,,,,TRUE,2830
0,457,AE,Aeternity,,,,,,,,,1700
0,458,ODX,ObsidianX,,,,,,,,,
1,459,KAVA,Kava,secp256k1,keccak256,,,,,,TRUE,4846
0,460,GLEEC,GLEEC,,,,,,,,,
1,461,FIL,Filecoin,secp256k1,keccak256,,,,,,TRUE,2280
0,462,RUTA,Rutanio,,,,,,,,,
0,463,CSDT,CSDT,,,,,,,,,
0,464,ETI,EtherInc,,,,,,,,,
0,465,ZSLP,Zclassic Simple Ledger Protocol,,,,,,,,,
0,466,ERE,EtherCore,,,,,,,,,
1,467,DX,DxChain Token,secp256k1,keccak256,,,,,,TRUE,3139
0,468,CPS,Capricoin+,,,,,,,,,
0,469,BTH,Bithereum,,,,,,,,,
0,470,MESG,MESG,,,,,,,,,
0,471,FIMK,FIMK,,,,,,,,,
0,472,AR,Arweave,ed25519,sha256,,,,,,,
0,473,OGO,Origo,,,,,,,,,
1,474,ROSE,Oasis Network,secp256k1,keccak256,,,,,,TRUE,7653
0,475,BARE,BARE Network,,,,,,,,,
0,476,GLEEC,GleecBTC,,,,,,,,,
0,477,CLR,Color Coin,,,,,,,,,
0,478,RNG,Ring,,,,,,,,,
1,479,OLO,Tool Global,secp256k1,keccak256,,,,,,TRUE,
0,480,PEXA,Pexa,,,,,,,,,
0,481,MOON,Mooncoin,,,,,,,,,
0,482,OCEAN,Ocean Protocol,,,,,,,,,
0,483,BNT,Bluzelle Native,,,,,,,,,
0,484,AMO,AMO Blockchain,,,,,,,,,
0,485,FCH,FreeCash,,,,,,,,,
1,486,LAT,PlatON,secp256k1,keccak256,,,,,,TRUE,9720
0,487,COIN,Bitcoin Bank,,,,,,,,,
0,488,VEO,Amoveo,,,,,,,,,
0,489,CCA,Counos Coin,,,,,,,,,
0,490,GFN,Graphene,,,,,,,,,
0,491,BIP,Minter Network,,,,,,,,,
0,492,KPG,Kunpeng Network,,,,,,,,,
0,493,FIN,FINL Chain,,,,,,,,,
0,494,BAND,Band,,,,,,,,,
0,495,DROP,Dropil,,,,,,,,,
0,496,BHT,Bluehelix Chain,,,,,,,,,
0,497,LYRA,Scrypta,,,,,,,,,
0,498,CS,Credits,,,,,,,,,
1,499,RUPX,Rupaya,secp256k1,keccak256,,,,,,TRUE,1877
1,500,THETA,Theta Network,secp256k1,keccak256,,,,,,TRUE,2416
1,501,SOL,Solana,ed25519,,,,,,,,5426
1,502,THT,ThoughtAI,secp256k1,sha256,0x5AEBD8C6,0xFBC6A00D,0x07,0x09,0x7B,,
1,503,CFX,Conflux,secp256k1,keccak256,,,,,,TRUE,7334
0,504,KUMA,Kumacoin,,,,,,,,,
0,505,HASH,Provenance,,,,,,,,,
0,506,CSPR,Casper,,,,,,,,,
0,507,EARTH,EARTH,,,,,,,,,
0,508,EGLD,MultiversX,secp256k1,sha256,,,,,,,
0,509,CHI,Xaya,,,,,,,,,
0,510,KOTO,Koto,,,,,,,,,
0,511,OTC,OTC,,,,,,,,,
0,512,RXD,Radiant,,,,,,,,,
0,513,SEELEN,Seele-N,,,,,,,,,
0,514,AETH,AETH,,,,,,,,,
0,515,DNA,Idena,,,,,,,,,
0,516,VEE,Virtual Economy Era,,,,,,,,,
0,517,SIERRA,SierraCoin,,,,,,,,,
0,518,LET,Linkeye,,,,,,,,,
0,519,BSC,Bitcoin Smart Contract,,,,,,,,,
0,520,BTCV,BitcoinVIP,,,,,,,,,
0,521,ABA,Dabacus,,,,,,,,,
0,522,SCC,StakeCubeCoin,,,,,,,,,
1,523,EDG,Edgeware,secp256k1,keccak256,,,,,,TRUE,5274
0,524,AMS,AmsterdamCoin,,,,,,,,,
0,525,GOSS,GOSSIP Coin,,,,,,,,,
0,526,BU,BUMO,,,,,,,,,
0,527,GRAM,GRAM,,,,,,,,,
0,528,YAP,Yapstone,,,,,,,,,
0,529,SCRT,Secret Network,,,,,,,,,
0,530,NOVO,Novo,,,,,,,,,
0,531,GHOST,Ghost,,,,,,,,,
0,532,HST,HST,,,,,,,,,
1,533,PRJ,ProjectCoin,secp256k1,sha256,0x0221312B,0x022D2533,0x37,0x08,0x75,,3267
0,534,YOU,YOUChain,,,,,,,,,
0,535,XHV,Haven Protocol,,,,,,,,,
0,536,BYND,Beyondcoin,,,,,,,,,
0,537,JOYS,Joys Digital,,,,,,,,,
1,538,VAL,Valorbit,secp256k1,keccak256,,,,,,TRUE,
0,539,FLOW,Flow,,,,,,,,,
0,540,SMESH,Spacemesh Coin,,,,,,,,,
0,541,SCDO,SCDO,,,,,,,,,
0,542,IQS,IQ-Cash,,,,,,,,,
0,543,BIND,Compendia,,,,,,,,,
0,544,COINEVO,Coinevo,,,,,,,,,
1,545,SCRIBE,Scribe,secp256k1,sha256,,,0x3c,0x7d,0x6e,,
0,546,HYN,Hyperion,,,,,,,,,
0,547,BHP,BHP,,,,,,,,,
0,548,BBC,BigBang Core,,,,,,,,,
0,549,MKF,MarketFinance,,,,,,,,,
0,550,XDC,XinFin,,,,,,,,,
0,551,STR,Straightedge,,,,,,,,,
0,552,SUM,Sumcoin,,,,,,,,,
0,553,HBC,HuobiChain,,,,,,,,,
0,555,BCS,Bitcoin Smart,,,,,,,,,
0,556,KTS,Kratos,,,,,,,,,
1,557,LKR,Lkrcoin,secp256k1,sha256,,,0x30,0x55,0xB0,,4912
0,558,TAO,Tao,,,,,,,,,
1,559,XWC,Whitecoin,secp256k1,sha256,0x048894ED,0x04887F1E,0x49,0x57,0xc9,,268
0,560,DEAL,DEAL,,,,,,,,,
0,561,NTY,Nexty,,,,,,,,,
0,562,TOP,TOP NetWork,,,,,,,,,
0,564,AG,Agoric,,,,,,,,,
0,565,CICO,Coinicles,,,,,,,,,
0,566,IRIS,Irisnet,,,,,,,,,
0,567,NCG,Nine Chronicles,,,,,,,,,
0,568,LRG,Large Coin,,,,,,,,,
0,569,SERO,Super Zero Protocol,,,,,,,,,
0,570,BDX,Beldex,,,,,,,,,
0,571,CCXX,Counos X,,,,,,,,,
1,572,SLS,Saluscoin,secp256k1,sha256,,,0x3f,0xc4,0xbf,,
0,573,SRM,Serum,,,,,,,,,
0,575,VIVT,VIDT Datalink,,,,,,,,,
0,576,BPS,BitcoinPoS,,,,,,,,,
0,577,NKN,NKN,,,,,,,,,
0,578,ICL,ILCOIN,,,,,,,,,
0,579,BONO,Bonorum,,,,,,,,,
0,580,PLC,PLATINCOIN,,,,,,,,,
0,581,DUN,Dune,,,,,,,,,
0,582,DMCH,Darmacash,,,,,,,,,
0,583,CTC,Creditcoin,,,,,,,,,
0,584,KELP,Haidai Network,,,,,,,,,
0,585,GBCR,GoldBCR,,,,,,,,,
0,586,XDAG,XDAG,,,,,,,,,
0,587,PRV,Incognito Privacy,,,,,,,,,
0,588,SCAP,SafeCapital,,,,,,,,,
1,589,TFUEL,Theta Fuel,secp256k1,keccak256,,,,,,TRUE,3822
0,590,GTM,Gentarium,,,,,,,,,
0,591,RNL,RentalChain,,,,,,,,,
0,592,GRIN,Grin,,,,,,,,,
0,593,MWC,MimbleWimbleCoin,,,,,,,,,
0,594,DOCK,Dock,,,,,,,,,
0,595,POLYX,Polymesh,secp256k1,blake2b,,,,,,,
0,596,DIVER,Divergenti,,,,,,,,,
0,597,XEP,Electra Protocol,,,,,,,,,
0,598,APN,Apron,,,,,,,,,
0,599,TFC,Turbo File Coin,,,,,,,,,
0,600,UTE,Unit-e,,,,,,,,,
1,601,MTC,Metachain,secp256k1,keccak256,,,,,,TRUE,
0,602,NC,NobodyCash,,,,,,,,,
0,603,XINY,Xinyuehu,,,,,,,,,
0,604,DYN,Dynamo,,,,,,,,,
0,605,BUFS,Buffer,,,,,,,,,
1,606,STOS,Stratos,secp256k1,keccak256,,,,,,TRUE,9760
0,607,TON,TON,secp256k1,sha256,,,,,,,
0,608,TAFT,TAFT,,,,,,,,,
1,609,HYDRA,HYDRA,secp256k1,keccak256,,,,,,TRUE,8245
0,610,NOR,Noir,,,,,,,,,
0,611,MNPA,Manta Network Private Asset,,,,,,,,,
0,612,CNPA,Calamari Network Private Asset,,,,,,,,,
0,613,WCN,Widecoin,,,,,,,,,
0,614,OPT,Optimistic Ethereum,,,,,,,,,
0,615,PSWAP,PolkaSwap,,,,,,,,,
0,616,VAL,Validator,,,,,,,,,
0,617,XOR,Sora,,,,,,,,,
0,618,SSP,SmartShare,,,,,,,,,
0,619,DEI,DeimosX,,,,,,,,,
0,621,ZERO,Singularity,,,,,,,,,
0,622,ALPHA,AlphaDAO,,,,,,,,,
0,623,BDECO,BDCashProtocol Ecosystem,,,,,,,,,
0,624,NOBL,Nobility,,,,,,,,,
0,625,EAST,Eastcoin,,,,,,,,,
0,626,KDA,Kadena,,,,,,,,,
0,627,SOUL,Phantasma,,,,,,,,,
0,628,LORE,Gitopia,,,,,,,,,
0,629,FNR,Fincor,,,,,,,,,
0,630,NEXUS,Nexus,,,,,,,,,
1,631,QTZ,Quartz,secp256k1,keccak256,,,,,,TRUE,13685
0,632,MAS,Massa,,,,,,,,,
0,633,CALL,Callchain,,,,,,,,,
0,634,VAL,Validity,,,,,,,,,
0,635,POKT,Pocket Network,,,,,,,,,
0,636,EMIT,EMIT,,,,,,,,,
0,637,APTOS,Aptos,ed25519,sha256,,,,,,,
0,638,ADON,ADON,,,,,,,,,
0,639,BTSG,BitSong,,,,,,,,,
0,640,LFC,Leofcoin,,,,,,,,,
0,641,KCS,KuCoin Shares,,,,,,,,,
0,642,KCC,KuCoin Community Chain,,,,,,,,,
0,643,AZERO,Aleph Zero,,,,,,,,,
0,644,TREE,Tree,,,,,,,,,
0,645,LX,Lynx,,,,,,,,,
0,646,XLN,Lunarium,,,,,,,,,
1,647,CIC,CIC Chain,secp256k1,keccak256,,,,,,TRUE,4743
0,648,ZRB,Zarb,,,,,,,,,
0,650,UCO,Archethic,,,,,,,,,
0,651,SFX,Safex Cash,,,,,,,,,
0,652,SFT,Safex Token,,,,,,,,,
0,653,WSFX,Wrapped Safex Cash,,,,,,,,,
0,654,USDG,US Digital Gold,,,,,,,,,
0,655,WMP,WAMP,,,,,,,,,
0,656,EKTA,Ekta,,,,,,,,,
0,657,YDA,YadaCoin,,,,,,,,,
0,658,WHIVE,Whive,,,,,,,,,
0,659,KOIN,Koinos,,,,,,,,,
0,660,PIRATE,PirateCash,,,,,,,,,
1,661,UNQ,Unique Network,secp256k1,keccak256,,,,,,TRUE,13695
0,662,ULM,UltonSmartchain,,,,,,,,,
0,663,SFRX,EtherGem Sapphire,,,,,,,,,
0,664,BSTY,GlobalBoost-Y,,,,,,,,,
0,665,IMP,Impact Protocol,,,,,,,,,
0,666,ACT,Achain,,,,,,,,,
0,667,PRKL,Perkle,,,,,,,,,
0,668,SSC,SelfSell,,,,,,,,,
1,669,GC,GateChain,secp256k1,keccak256,,,,,,TRUE,
0,670,PLGR,Pledger,,,,,,,,,
0,671,MPLGR,Pledger,,,,,,,,,
0,672,KNOX,Knox,,,,,,,,,
0,673,ZED,ZED,,,,,,,,,
1,674,CNDL,Candle,secp256k1,keccak256,,,,,,TRUE,18327
0,675,WLKR,Walker Crypto Innovation Index,,,,,,,,,
0,676,WLKRR,Walker,,,,,,,,,
0,677,YUNGE,Yunge,,,,,,,,,
0,678,VOKEN,Voken,,,,,,,,,
0,679,APL,Apollo,,,,,,,,,
0,680,EVRYNET,Evrynet,,,,,,,,,
0,681,NENG,Nengcoin,,,,,,,,,
0,682,CHTA,Cheetahcoin,,,,,,,,,
0,683,ALEO,Aleo Network,,,,,,,,,
0,684,HMS,Hemis,,,,,,,,,
1,685,OAS,Oasys,secp256k1,keccak256,,,,,,TRUE,22265
1,686,KAR,Karura Network,secp256k1,keccak256,,,,,,TRUE,
0,687,FLON,FullOn Network,,,,,,,,,
1,688,CET,CoinEx Chain,secp256k1,keccak256,,,,,,TRUE,
0,689,XLINK,XLink Chain,,,,,,,,,
0,690,KLV,KleverChain,,,,,,,,,
1,691,TNT,Tangle,secp256k1,keccak256,,,,,,TRUE,
0,692,GTG,Gotigen,,,,,,,,,
0,693,NET,RealityNet,,,,,,,,,
0,694,VTBC,VTB Community,,,,,,,,,
0,695,DIONE,Odyssey Chain,,,,,,,,,
0,696,LUM,Lumos,,,,,,,,,
0,697,AVA,Avalon,,,,,,,,,23345
0,698,VEIL,Veil,,,,,,,,,
0,699,GTB,GotaBit,,,,,,,,,
1,700,XDAI,xDai,secp256k1,keccak256,,,,,,TRUE,8635
0,701,COM,Commercio,,,,,,,,,
0,702,CCC,Commercio Cash Credit,,,,,,,,,
0,703,SNR,Sonr,,,,,,,,,
0,704,RAQ,Ra Quantum,,,,,,,,,
0,705,PEG,Pegasus Token,,,,,,,,,
0,706,LKG,Lionking,,,,,,,,,
0,707,MCOIN,Moneta Coin,,,,,,,,,
0,709,AVAIL,Avail,,,,,,,,,
1,710,FURY,Highbury,secp256k1,keccak256,,,,,,TRUE,
0,711,CHC,Chaincoin,,,,,,,,,
0,712,SERF,Serfnet,,,,,,,,,
0,713,XTL,Katal Chain,,,,,,,,,
0,714,BNB,Binance (Dead coin),secp256k1,sha256,,,,,,,
0,715,SIN,Sinovate,,,,,,,,,
0,716,DLN,Delion,,,,,,,,,
0,717,BONTE,Bontecoin,,,,,,,,,
0,718,PEER,Peer,,,,,,,,,
1,719,ZET,Zetacoin,secp256k1,sha256,,,0x50,0x09,0xe0,,56
0,720,ABY,Artbyte,,,,,,,,,
0,721,PGX,Mirai Chain,,,,,,,,,
0,722,IL8P,InfiniLooP,,,,,,,,,
0,723,VOI,Voi,,,,,,,,,
0,724,XVC,Vanillacash,,,,,,,,,
0,725,MCX,MultiCash,,,,,,,,,
1,726,TARA,Taraxa,secp256k1,keccak256,,,,,,TRUE,8715
1,727,BLU,BluCrates,secp256k1,keccak256,,,,,,TRUE,
0,728,BFC,BFC,,,,,,,,,
0,729,DCC,DecentraCast,,,,,,,,,
0,730,HEALIOS,Tenacity,,,,,,,,,
0,731,BMK,Bitmark,,,,,,,,,
0,732,FUGA,Fuga token,,,,,,,,,
0,733,TBC,TBChat,,,,,,,,,
0,734,DENTX,DENTNet,,,,,,,,,
0,735,NBY,Neobytes,,,,,,,,,
0,736,BABY,BABY,,,,,,,,,
0,737,ATOP,Financial Blockchain,,,,,,,,,
0,738,BTE,Bitweb,,,,,,,,,
0,739,DPC,Dpowcoin (DualPowCoin),,,,,,,,,
0,740,MDC,MyDataCoin,,,,,,,,,
0,741,RIV,Rigvid,,,,,,,,,
0,742,LTO,LTO Network,,,,,,,,,
0,745,DIMI,DiminutiveCoin,,,,,,,,,
0,746,PLM,Palladium,,,,,,,,,
1,747,CFG,Centrifuge,secp256k1,keccak256,,,,,,TRUE,6748
0,750,XPRT,Persistence,,,,,,,,,
0,753,AGE,Age X25519 Encryption,,,,,,,,,
0,754,AGE,Age NIST Encryption,,,,,,,,,
0,757,HONEY,HoneyWood,,,,,,,,,
0,758,XDD,XDDCoin,,,,,,,,,
0,759,TBI,Tbicloud,,,,,,,,,
0,762,BELLS,Bellscoin,,,,,,,,,32892
0,765,TGN,Tagion,,,,,,,,,
0,767,LLD,Liberland,,,,,,,,,35872
0,768,BALLZ,Ballzcoin,,,,,,,,,
0,770,COSA,Cosanta,,,,,,,,,
0,771,BR,BR,,,,,,,,,
0,773,CSB,CosmoBliss,,,,,,,,,
0,775,PLSR,Pulsar Coin,,,,,,,,,
0,776,KEY,Keymaker Coin,,,,,,,,,
0,777,BTW,Bitcoin World,,,,,,,,,
0,779,UCHAIN,UCHAIN,,,,,,,,,
0,780,PLCUC,PLC Ultima Classic,,,,,,,,,
0,781,PLCUX,PLC Ultima X,,,,,,,,,
0,782,PLCU,PLC Ultima,,,,,,,,,
0,783,SMARTBC,SMART Blockchain,,,,,,,,,
0,784,SUI,Sui,,,,,,,,,
0,785,ULTIMA,ULTIMA,,,,,,,,,28293
0,786,UIDD,UIDD,,,,,,,,,
1,787,ACA,Acala Token,secp256k1,keccak256,,,,,,TRUE,6756
0,788,BNC,Bifrost,,,,,,,,,
0,789,TAU,Lamden,,,,,,,,,
0,790,LKY,Luckycoin,,,,,,,,,22
0,791,SOMA,Soma,,,,,,,,,
0,794,INTR,Interlay,,,,,,,,,
0,795,KINT,Kintsugi,,,,,,,,,
0,797,MVRX,Muvor ERP,,,,,,,,,
0,799,PDEX,Polkadex,,,,,,,,,
1,800,BEET,Beetle Coin,secp256k1,sha256,,,0x1a,0x55,0x99,,3242
0,801,DST,DSTRA,,,,,,,,,
0,802,CY,Cyberyen,,,,,,,,,
0,803,RYME,Ryme Network,,,,,,,,,
1,804,ZKS,zkSync,secp256k1,keccak256,,,,,,TRUE,24091
0,805,SCASH,Scash,,,,,,,,,
0,808,QVT,Qvolta,,,,,,,,,
1,809,SDN,Shiden Network,secp256k1,keccak256,,,,,,TRUE,11451
1,810,ASTR,Astar Network,secp256k1,keccak256,,,,,,TRUE,
1,813,MEER,Qitmeer Network,secp256k1,keccak256,,,,,,TRUE,15658
0,815,FACT,ImFACT,,,,,,,,,
0,816,FSC,FSC,,,,,,,,,
1,818,VET,VeChain,secp256k1,keccak256,,,,,,TRUE,3077
0,819,REEF,Reef,,,,,,,,,
1,820,CLO,Callisto,secp256k1,keccak256,,,,,,TRUE,2757
0,822,BDB,BigchainDB,,,,,,,,,
0,823,TBL,TBLINK,,,,,,,,,
1,824,RBNT,Redbelly Network,secp256k1,keccak256,,,,,,TRUE,34849
0,826,YBC,YBChain,,,,,,,,,
1,827,ACE,Endurance,secp256k1,keccak256,,,,,,TRUE,
0,828,CCN,ComputeCoin,,,,,,,,,
0,829,BBA,BBACHAIN,,,,,,,,,
0,831,CRUZ,cruzbit,,,,,,,,,
0,832,SAPP,Sapphire,,,,,,,,,
0,833,777,Jackpot,,,,,,,,,7305
0,834,KYAN,Kyanite,,,,,,,,,
0,835,AZR,Azzure,,,,,,,,,
0,836,CFL,CryptoFlow,,,,,,,,,
0,837,DASHD,Dash Diamond,,,,,,,,,
0,838,TRTT,Trittium,,,,,,,,,
0,839,UCR,Ultra Clear,,,,,,,,,
0,840,PNY,Peony,,,,,,,,,
0,841,BECN,Beacon,,,,,,,,,
0,842,MONK,Monk,,,,,,,,,
0,843,SAGA,CryptoSaga,,,,,,,,,
0,844,SUV,Suvereno,,,,,,,,,
0,845,ESK,EskaCoin,,,,,,,,,
0,846,OWO,OneWorld Coin,,,,,,,,,
0,847,PEPS,PEPS Coin,,,,,,,,,
0,848,BIR,Birake,,,,,,,,,
0,849,MOBIC,MobilityCoin,,,,,,,,,
0,850,FLS,Flits,,,,,,,,,
0,851,FRECO,Freco,,,,,,,,,
0,852,DSM,Desmos,,,,,,,,,
0,853,PRCY,PRCY Coin,,,,,,,,,
0,856,TB,TBCoin,,,,,,,,,
0,858,HVH,HAVAH,,,,,,,,,
0,860,XBIT,XBIT Coin,,,,,,,,,
0,864,CVM,Convex,,,,,,,,,
0,866,MOB,MobileCoin,,,,,,,,,
0,868,IF,Infinitefuture,,,,,,,,,
0,873,QUORUM,Quorum,,,,,,,,,
0,877,NAM,Namada,,,,,,,,,
0,878,SCR,Scorum Network,,,,,,,,,
0,880,LUM,Lum Network,,,,,,,,,
0,881,AEGS,Aegisum,,,,,,,,,
0,883,ZBC,ZooBC,,,,,,,,,
0,885,XCN,XCoin,,,,,,,,,
0,886,ADF,AD Token,,,,,,,,,
0,888,NEO,NEO,secp256k1,ripemd160,,,,,,,
0,889,TOMO,TOMO,,,,,,,,,
0,890,XSEL,Seln,,,,,,,,,
0,896,LKSC,LKSCoin,,,,,,,,,
0,898,AS,Assetchain,,,,,,,,,
0,899,XEC,eCash,secp256k1,sha256,,,,,,,
0,900,LMO,Lumeneo,,,,,,,,,
0,901,NXT,NxtMeta,,,,,,,,,
0,903,EGN,EGAHN Intelligence Network,,,,,,,,,
0,904,HNT,Helium,,,,,,,,,
0,906,XPX,Sirius,,,,,,,,,
0,907,FIS,StaFi,,,,,,,,,
0,909,SGE,Saage,,,,,,,,,
0,911,GERT,Gert,,,,,,,,,
1,916,META,Metadium,secp256k1,keccak256,,,,,,TRUE,3418
1,917,FRA,Findora,secp256k1,keccak256,,,,,,TRUE,4249
0,919,CCD,Concordium,,,,,,,,,
0,921,AVN,Avian Network,,,,,,,,,
0,925,DIP,Dipper Network,,,,,,,,,
0,928,GHM,HermitMatrixNetwork,,,,,,,,,
0,931,RUNE,THORChain (RUNE),secp256k1,sha256,,,,,,,
0,938,MGO,Mango Network,,,,,,,,,
0,939,AB,Argot Protocol,,,,,,,,,
0,942,KCN,Kylacoin,,,,,,,,,
0,943,LCN,Lyncoin,,,,,,,,,
0,945,UNLOCK,Jasiri protocol,,,,,,,,,
0,950,CNDT,Conduct Protocol,,,,,,,,,
0,955,LTP,LifetionCoin,,,,,,,,,
0,958,KSOC,KickSoccer,,,,,,,,,
0,960,VKAX,Vkax,,,,,,,,,
0,962,GTG,Gotigin,,,,,,,,,
0,965,ATLA,Atleta Network,,,,,,,,,32761
1,966,MATIC,Polygon,secp256k1,keccak256,,,,,,TRUE,3890
0,968,UNW,UNW,,,,,,,,,
0,969,QI,Quai Network,,,,,,,,,
1,970,TWINS,win.win,secp256k1,sha256,0x0221312B,0x022D2533,0x49,0x53,0x42,,3775
0,975,TRUST,TrustNet,,,,,,,,,
1,977,TLOS,Telos,secp256k1,keccak256,,,,,,TRUE,4660
1,981,TAFECO,Taf ECO Chain,secp256k1,keccak256,,,,,,TRUE,
0,985,AU,Autonomy,,,,,,,,,
0,987,VCG,VipCoin,,,,,,,,,
0,988,XAZAB,Xazab core,,,,,,,,,
1,989,AIOZ,AIOZ Network,secp256k1,keccak256,,,,,,TRUE,9104
0,990,CORE,Coreum,,,,,,,,,
0,991,PEC,Phoenix,,,,,,,,,
0,992,UNT,Unit,,,,,,,,,
0,993,XRB,X Currency,,,,,,,,,
0,994,QUAI,Quai Network,,,,,,,,,
0,995,CAPS,Ternoa,,,,,,,,,
1,996,OKT,OKT Chain,secp256k1,keccak256,,,,,,TRUE,8267
0,997,SUM,Solidum,,,,,,,,,
0,998,LBTC,Lightning Bitcoin,,,,,,,,,
0,999,BCD,Bitcoin Diamond,,,,,,,,,
0,1000,BTN,Bitcoin New,,,,,,,,,
0,1001,TT,ThunderCore,,,,,,,,,
0,1002,BKT,BanKitt,,,,,,,,,
0,1003,NODL,Nodle,,,,,,,,,
0,1004,PCOIN,PCOIN,,,,,,,,,
0,1005,TAO,Bittensor,,,,,,,,,
0,1006,HSK,HashKey Chain,,,,,,,,,
1,1007,FTM,Fantom (Old),secp256k1,keccak256,,,,,,TRUE,3513
0,1008,RPG,RPG,,,,,,,,,
0,1009,LAKE,iconLake,,,,,,,,,
1,1010,HT,Huobi Token,secp256k1,keccak256,,,,,,TRUE,2502
0,1011,ELV,Eluvio,,,,,,,,,
1,1012,JOC,Japan Open Chain,secp256k1,keccak256,,,,,,TRUE,35773
0,1013,BIC,Beincrypto,,,,,,,,,
0,1014,JOY,Joystream,,,,,,,,,
0,1015,ZCX,ZEN Exchange Token,,,,,,,,,
0,1017,ZTC,Zenchain,,,,,,,,,
0,1019,ZENO,Zenotta,,,,,,,,,
1,1020,EVC,Evrice,secp256k1,keccak256,,,,,,TRUE,8820
0,1022,XRD,Radix DLT,,,,,,,,,
0,1023,ONE,Harmony One (Legacy),,,,,,,,,
1,1024,ONT,Ontology,secp256k1,keccak256,,,,,,TRUE,2566
0,1025,CZZ,Classzz,,,,,,,,,
0,1026,KEX,Kira Exchange Token,,,,,,,,,
0,1027,MCM,Mochimo,,,,,,,,,
1,1028,PLS,Pulse Chain,secp256k1,keccak256,,,,,,TRUE,11145
0,1032,BTCR,BTCR,,,,,,,,,
0,1042,MFID,Moonfish ID,,,,,,,,,
0,1100,CROSS,Cross Chain,,,,,,,,,
0,1110,ZRA,ZERA,,,,,,,,,
0,1111,BBC,Big Bitcoin,,,,,,,,,
1,1116,CORE,Core,secp256k1,sha256,,,,,,TRUE,23254
0,1120,RISE,RISE,,,,,,,,,
0,1122,CMT,CyberMiles Token,,,,,,,,,
0,1128,ETSC,Ethereum Social,,,,,,,,,
0,1129,DFI,DeFiChain,,,,,,,,,
1,1130,DFI,DeFiChain EVM Network,secp256k1,keccak256,,,,,,TRUE,
0,1134,MESH,StateMesh,,,,,,,,,
0,1137,$DAG,Constellation Labs,,,,,,,,,
0,1145,CDY,Bitcoin Candy,,,,,,,,,
0,1155,ENJ,Enjin Coin,,,,,,,,,
1,1170,HOO,Hoo Smart Chain,secp256k1,keccak256,,,,,,TRUE,7543
0,1200,GNK,Gonka,,,,,,,,,
0,1234,ALPH,Alephium,,,,,,,,,
0,1236,MASCA,Masca,,,,,,,,,
0,1237,NOSTR,Nostr,,,,,,,,,
0,1280,KUDOS,Kudos Setler,,,,,,,,,
1,1284,GLMR,Moonbeam,secp256k1,keccak256,,,,,,TRUE,6836
1,1285,MOVR,Moonriver,secp256k1,keccak256,,,,,,TRUE,9285
0,1286,DSG,Dessage Social Protocol,,,,,,,,,
0,1298,WPC,Wpc,,,,,,,,,
0,1308,WEI,WEI,,,,,,,,,
0,1312,BITS,Entropy,,,,,,,,,
1,1337,DFC,Defcoin,secp256k1,sha256,,,0x1e,,0x9e,,
0,1338,IRON,Iron Fish,,,,,,,,,
0,1339,WNSD,Winsdet,,,,,,,,,
0,1348,ISLM,IslamicCoin,,,,,,,,,
0,1397,HYC,Hycon,,,,,,,,,
0,1410,TENTSLP,TENT Simple Ledger Protocol,,,,,,,,,
0,1420,DEV,DogecoinEV,,,,,,,,,
0,1447,DNR,Dinero,,,,,,,,,
1,1510,XSC,XT Smart Chain,secp256k1,keccak256,,,,,,TRUE,
1,1512,AAC,Double-A Chain,secp256k1,keccak256,,,,,,TRUE,2438
0,1524,TLR,Taler,,,,,,,,,
1,1533,BEAM,Beam,secp256k1,keccak256,,,,,,TRUE,28298
0,1536,GAS,BubiChain,,,,,,,,,
0,1540,ATHENA,Athena,,,,,,,,,
0,1551,SDK,Sovereign SDK,,,,,,,,,
0,1555,APC,Apc Chain,,,,,,,,,
0,1616,ELF,AELF,,,,,,,,,
0,1618,AUDL,AUDL,,,,,,,,,
1,1620,ATH,Atheios,secp256k1,keccak256,,,,,,TRUE,3447
0,1627,LUME,Lume Web,,,,,,,,,
1,1642,NEW,Newton,secp256k1,keccak256,,,,,,TRUE,
1,1657,BTA,Btachain,secp256k1,keccak256,,,,,,TRUE,
0,1668,NEOX,Neoxa,,,,,,,,,
0,1669,MEWC,Meowcoin,,,,,,,,,
0,1688,BCX,BitcoinX,,,,,,,,,
0,1707,TRMP,TrumPOW,,,,,,,,,
1,1729,XTZ,Tezos (tz2),secp256k1,sha256+ripemd160,,,0x06A1A1,,,,
0,1729,XTZ,Tezos (tz3),p256,sha256,,,0x06A1A4,,,,
0,1729,XTZ,Tezos (tz1),ed25519,sha256,,,0x06A19F,,,,
0,1776,LBTC,Liquid BTC,,,,,,,,,
0,1777,BBP,Biblepay,,,,,,,,,
0,1784,JPYS,JPY Stablecoin,,,,,,,,,
0,1788,USVAC,USVACoin,,,,,,,,,
0,1789,VEGA,Vega Protocol,,,,,,,,,
0,1815,ADA,Cardano,,,,,,,,,
1,1818,CUBE,Cube Chain Native Token,secp256k1,keccak256,,,,,,TRUE,
0,1888,ZTX,Zetrix,,,,,,,,,
0,1899,XEC,eCash token,,,,,,,,,
0,1900,XNA,Neurai,,,,,,,,,
0,1901,CLC,Classica,,,,,,,,,
1,1907,BITCI,Bitcicoin,secp256k1,keccak256,,,,,,TRUE,8357
0,1919,VIPS,VIPSTARCOIN,,,,,,,,,
1,1926,CITY,City Coin,secp256k1,sha256,,,0x1c,0x58,0xed,,4545
0,1935,HRC,Hypercoin,,,,,,,,,
0,1951,ESA,Esa,,,,,,,,,
0,1952,ESC,EsaCoin,,,,,,,,,
0,1955,XX,xx coin,,,,,,,,,
0,1969,MVRK,Mavryk Network,,,,,,,,,36134
0,1977,XMX,Xuma,,,,,,,,,
0,1984,TRTL,TurtleCoin,,,,,,,,,
0,1985,SLRT,Solarti Chain,,,,,,,,,
0,1986,QTH,Qing Tong Horizon,,,,,,,,,
1,1987,EGEM,EtherGem,secp256k1,keccak256,,,,,,TRUE,3132
0,1988,MIRA,Mira Chain,,,,,,,,,
0,1989,HODL,HOdlcoin,,,,,,,,,
0,1990,PHL,Placeholders,,,,,,,,,
0,1991,SC,Sia,secp256k1,blake2b,,,,,,,
0,1995,MYDOGE,Mydogecoin,,,,,,,,,
0,1996,MYT,Mineyourtime,,,,,,,,,
0,1997,POLIS,Polis,,,,,,,,,
0,1998,XMCC,Monoeci,,,,,,,,,
0,1999,COLX,ColossusXT,,,,,,,,,
0,2000,GIN,GinCoin,,,,,,,,,
0,2001,MNP,MNPCoin,,,,,,,,,
0,2002,MLN,Miraland,,,,,,,,,
0,2003,ISNA,iSarrana,,,,,,,,,
0,2010,XBT,Bitcoin Classic,,,,,,,,,
0,2013,JKC,Junkcoin,,,,,,,,,26
0,2015,TEER,Integritee,,,,,,,,,13323
0,2017,KIN,Kin,,,,,,,,,
0,2018,EOSC,EOSClassic,,,,,,,,,
0,2019,GBT,GoldBean Token,,,,,,,,,
0,2020,PKC,PKC,,,,,,,,,
0,2021,SKT,Sukhavati,,,,,,,,,
0,2022,XHT,Xinghuo Token,,,,,,,,,
0,2023,COC,Chat On Chain,,,,,,,,,
0,2024,USBC,Universal Ledger USBC,,,,,,,,,
0,2025,ROCK,Zenrock Labs,,,,,,,,,
0,2026,ASTRON,ASTRON Token,,,,,,,,,
0,2046,ANY,Any,,,,,,,,,
0,2048,MCASH,MCashChain,,,,,,,,,
0,2049,TRUE,TrueChain,,,,,,,,,
1,2050,MOVO,Movo Smart Chain,secp256k1,keccak256,,,,,,TRUE,
0,2086,KILT,KILT Spiritnet,,,,,,,,,
0,2091,FRQCY,Frequency,,,,,,,,,
1,2109,SAMA,Exosama Network,secp256k1,keccak256,,,,,,TRUE,
0,2112,IOTE,IoTE,,,,,,,,,
0,2121,CBTC,Coordinate BTC (Anduro),,,,,,,,,
0,2122,QBTC,Quasar BTC (Anduro),,,,,,,,,
0,2125,BAY,BitBay,,,,,,,,,
0,2137,XRG,Ergon,,,,,,,,,
1,2199,SAMA,Moonsama Network,secp256k1,keccak256,,,,,,TRUE,23004
0,2221,ASK,ASK,,,,,,,,,
0,2222,CWEB,Coinweb,,,,,,,,,
0,2285,QIYI,Qiyi Chain,,,,,,,,,
1,2301,QTUM,QTUM,secp256k1,sha256,,,0x3A,0x32,0x80,,1684
0,2302,ETP,Metaverse,,,,,,,,,
0,2303,GXC,GXChain,,,,,,,,,
1,2304,CRP,CranePay,secp256k1,sha256,,,0x1c,0x0A,0x7B,,4651
1,2305,ELA,Elastos,secp256k1,sha256,,,0x21,0xc4,0xef,,2492
0,2338,SNOW,Snowblossom,,,,,,,,,
0,2365,XIN,Mixin,,,,,,,,,
1,2457,HYPE,Hyperliquid,secp256k1,keccak256,,,,,,TRUE,32196
1,2500,NEXI,Nexi,secp256k1,keccak256,,,,,,TRUE,
0,2570,AOA,Aurora,,,,,,,,,
0,2686,AIPG,AIPowerGrid,,,,,,,,,
0,2718,NAS,Nebulas,,,,,,,,,
0,2809,LAN,Lanify,,,,,,,,,30381
0,2894,REOSC,REOSC Ecosystem,,,,,,,,,
1,2941,BND,Blocknode,secp256k1,sha256,,,0x19,0x3F,0x4b,,3046
0,3000,SM,Stealth Message,,,,,,,,,
0,3003,LUX,LUX,,,,,,,,,
1,3030,HBAR,Hedera,secp256k1,keccak256,,,,,,TRUE,4642
0,3054,HIVE,Hive Blockchain,,,,,,,,,5370
0,3077,COS,Contentos,,,,,,,,,
0,3131,EZC,Ezcon Blockchain,,,,,,,,,
0,3141,B1T,Bit,,,,,,,,,
0,3276,CCC,CodeChain,,,,,,,,,
0,3333,SXP,Solar,,,,,,,,,
1,3338,PEAQ,Peaq,secp256k1,keccak256,,,,,,TRUE,14588
0,3344,PLMC,Polimec,,,,,,,,,28501
0,3377,ROI,ROIcoin,,,,,,,,,
0,3381,DYN,Dynamic,,,,,,,,,
0,3383,SEQ,Sequence,,,,,,,,,
0,3434,PEPE,Pepecoin Core,,,,,,,,,
0,3499,BLAZE,Blaze,,,,,,,,,
1,3501,JFIN,JFIN Coin,secp256k1,keccak256,,,,,,TRUE,4568
0,3552,DEO,Destocoin,,,,,,,,,
0,3564,DST,DeStream,,,,,,,,,
0,3601,CY,Cybits,,,,,,,,,
0,3630,EPPIE,Eppie,,,,,,,,,
0,3757,MPC,Partisia Blockchain,,,,,,,,,
0,3840,RED,ReDeFi RED,,,,,,,,,
0,4040,FC8,FCH Network,,,,,,,,,
0,4096,YEE,YeeCo,,,,,,,,,
0,4218,IOTA,IOTA,ed25519,sha256,,,,,,,
1,4219,SMR,Shimmer,secp256k1,keccak256,,,,,,TRUE,14801
1,4242,AXE,Axe,secp256k1,sha256,,,0x37,0x10,0xcc,,3898
0,4343,XYM,Symbol,,,,,,,,,
0,4444,C4E,Chain4Energy,,,,,,,,,
0,4474,SHIC,ShibaCoin,,,,,,,,,
0,4646,MST,MST,,,,,,,,,
1,4919,XVM,Venidium,secp256k1,keccak256,,,,,,TRUE,
0,4976,VARA,Vara,,,,,,,,,28067
0,4977,TVARA,Vara Testnet,,,,,,,,,
1,4999,BXN,BlackFort Exchange Network,secp256k1,keccak256,,,,,,TRUE,25963
0,5000,V12,Vet The Vote,,,,,,,,,
0,5006,SBC,Senior Blockchain,,,,,,,,,
0,5248,FIC,FIC,,,,,,,,,
0,5353,HNS,Handshake,,,,,,,,,
0,5404,ISK,ISKRA,,,,,,,,,
0,5467,ALTME,ALTME,,,,,,,,,
0,5555,FUND,Unification,,,,,,,,,
0,5757,STX,Stacks,secp256k1,sha512,,,,,,,
0,5895,VOW,VowChain VOW,,,,,,,,,
0,5920,SLU,SILUBIUM,,,,,,,,,
1,5995,DUSK,Dusk Network,secp256k1,keccak256,,,,,,TRUE,4092
1,6060,GO,GoChain,secp256k1,keccak256,,,,,,TRUE,2861
0,6144,DTS,Datos,,,,,,,,,
0,6174,MOI,My Own Internet,,,,,,,,,
0,6278,STEAMX,Rails Network Mainnet,,,,,,,,,
0,6310,VRL,Virel Protocol,,,,,,,,,
0,6383,NEUE,Dap,,,,,,,,,
0,6532,UM,Penumbra,,,,,,,,,
0,6599,RSC,Royal Sports City,,,,,,,,,
0,6666,BPA,Bitcoin Pizza,,,,,,,,,
0,6688,SAFE,SAFE,,,,,,,,,
0,6767,CC,Canton Coin,,,,,,,,,
0,6779,COTI,COTI,,,,,,,,,
0,6969,ROGER,TheHolyrogerCoin,,,,,,,,,
1,7000,ZETA,ZetaChain,secp256k1,keccak256,,,,,,TRUE,
1,7027,ELLA,Ella the heart,secp256k1,keccak256,,,,,,TRUE,
0,7028,AA,Arthera,,,,,,,,,
0,7070,DOI,Doichain,,,,,,,,,
0,7091,TOPL,Topl,,,,,,,,,
0,7272,ABTC,Alys BTC (Anduro),,,,,,,,,
1,7331,KLY,KLYNTAR,secp256k1,keccak256,,,,,,TRUE,
0,7341,SHFT,Shyft,,,,,,,,,
1,7518,MEV,MEVerse,secp256k1,keccak256,,,,,,TRUE,19063
1,7576,ADIL,ADIL Chain,secp256k1,keccak256,,,,,,TRUE,
0,7777,BTV,Bitvote,,,,,,,,,
1,7779,CPV,Compverse,secp256k1,keccak256,,,,,,TRUE,
0,8000,SKY,Skycoin,,,,,,,,,
1,8008,BERA,Berachain,secp256k1,keccak256,,,,,,TRUE,24647
0,8017,ISC,iSunCoin,,,,,,,,,
0,8080,DSRV,DSRV,,,,,,,,,
1,8181,BOC,BeOne Chain,secp256k1,keccak256,,,,,,TRUE,
0,8192,PAC,pacprotocol,,,,,,,,,
1,8217,KAIA,KAIA,secp256k1,keccak256,,,,,,TRUE,32880
0,8339,BTQ,BitcoinQuark,,,,,,,,,
0,8444,XCH,Chia,,,,,,,,,
1,8453,BASE,Base,secp256k1,keccak256,,,,,,TRUE,27789
0,8680,PLMNT,Planetmint,,,,,,,,,
0,8732,BLN,Bullions,,,,,,,,,5562
0,8738,ALPH,Alph Network,,,,,,,,,
1,8866,GGX,Golden Gate,secp256k1,keccak256,,,,,,TRUE,
1,8886,GGXT,Golden Gate Sydney,secp256k1,keccak256,,,,,,TRUE,
0,8888,SBTC,Super Bitcoin,,,,,,,,,
0,8964,NULS,NULS,,,,,,,,,
0,8997,BBC,Babacoin,,,,,,,,,
0,8998,JGC,JagoanCoin,,,,,,,,,
0,8999,BTP,Bitcoin Pay,,,,,,,,,
0,9000,AVAX,Avalanche,secp256k1,sha256,,,,,,,5805
1,9001,ARB1,Arbitrum One,secp256k1,keccak256,,,,,,TRUE,
0,9002,BOBA,Boba,,,,,,,,,
0,9003,LOOP,Loopring,,,,,,,,,
0,9004,STRK,StarkNet,,,,,,,,,
1,9005,AVAXC,Avalanche C-Chain,secp256k1,keccak256,,,,,,TRUE,5805
1,9006,BNB,Binance Smart Chain,secp256k1,keccak256,,,,,,TRUE,1839
0,9007,SATOX,Satoxcoin,,,,,,,,,25487
0,9345,WEIL,Weilliptic,,,,,,,,,
0,9633,SYL,OpenSY,,,,,,,,,
1,9797,NRG,Energi (Legacy),secp256k1,sha256,0xD7DC6E9F,0x03B8C856,0x21,0x35,0x6a,,
0,9888,BTF,Bitcoin Faith,,,,,,,,,
0,9969,OSMI,Osmium,,,,,,,,,
0,9999,GOD,Bitcoin God,,,,,,,,,
0,10000,FO,FIBOS,,,,,,,,,
0,10001,SPACE,Space,,,,,,,,,
1,10007,S,SONIC,secp256k1,keccak256,,,,,,TRUE,32684
0,10111,DHP,dHealth,,,,,,,,,
0,10226,RTM,Raptoreum,,,,,,,,,
1,10242,AA,Arthera,secp256k1,keccak256,,,,,,TRUE,
0,10291,XRC,XRhodium,,,,,,,,,
1,10507,NUM,Numbers Protocol,secp256k1,keccak256,,,,,,TRUE,13521
0,10605,XPI,Lotus,,,,,,,,,
0,11111,ESS,Essentia One,,,,,,,,,
0,11742,VARCH,InvArch,,,,,,,,,
0,11743,TNKR,Tinkernet,,,,,,,,,
0,12345,IPOS,IPOS,,,,,,,,,
0,12586,MINA,Mina,ed25519,pedersen,,,,,,,
0,12850,ANLOG,Analog Timechain,,,,,,,,,
1,13107,BTY,BitYuan,secp256k1,keccak256,,,,,,TRUE,6224
1,13108,YCC,Yuan Chain Coin,secp256k1,keccak256,,,,,,TRUE,3060
1,13381,PHX,Phoenix,secp256k1,keccak256,,,,,,TRUE,
0,14001,WAX,Worldwide Asset Exchange,,,,,,,,,
0,15845,SDGO,SanDeGo,,,,,,,,,
0,16181,XTX,Totem Live Network,,,,,,,,,
0,16754,ARDR,Ardor,,,,,,,,,
1,18000,MTR,Meter Stable,secp256k1,keccak256,,,,,,TRUE,6627
1,19165,SAFE,Safecoin,secp256k1,sha256,,,0x3d,0x56,0xbd,,3799
1,19167,FLUX,Flux,secp256k1,sha256,,,0x1CB8,0x1CBD,0x80,,3029
1,19169,RITO,Ritocoin,secp256k1,sha256,,,0x19,0x69,0x8b,,4264
0,19788,ML,Mintlayer,,,,,,,,,
0,20036,XND,ndau,,,,,,,,,
1,21004,C4EI,c4ei,secp256k1,keccak256,,,,,,TRUE,
0,21337,XAH,Xahau,,,,,,,,,
0,21888,PAC,Pactus,,,,,,,,,
0,22504,PWR,PWRcoin,,,,,,,,,
0,23000,EPIC,Epic Cash,,,,,,,,,
0,25252,BELL,Bellcoin,,,,,,,,,
0,25718,CHX,Own,,,,,,,,,
0,26417,G1,G1,,,,,,,,,
0,29223,NEXA,Nexa,,,,,,,,,
0,31102,ESN,EtherSocial Network,,,,,,,,,
0,31337,TPWR,ThePower,,,,,,,,,6181
0,33416,TEO,Trust Eth reOrigin,,,,,,,,,
0,33878,BTCS,Bitcoin Stake,,,,,,,,,
0,34952,BTT,ByteTrade,,,,,,,,,
0,37992,FXTC,FixedTradeCoin,,,,,,,,,
0,39321,AMA,Amabig,,,,,,,,,
1,39797,NRG,Energi,secp256k1,keccak256,,,,,,TRUE,3218
0,42069,FACT,FACT0RN,,,,,,,,,
0,43028,AXIV,AXIV,,,,,,,,,
0,47803,BAX,BAX,,,,,,,,,
0,49262,EVE,evan,,,,,,,,,
0,49344,STASH,STASH,,,,,,,,,
1,52752,CELO,Celo,secp256k1,keccak256,,,,,,TRUE,5567
0,54176,OVER,OverProtocol,,,,,,,,,29407
0,61616,TH,TianHe,,,,,,,,,
0,65536,KETH,Krypton World,,,,,,,,,
0,69420,GRLC,Garlicoin,,,,,,,,,
0,70007,GWL,Gewel,,,,,,,,,
0,77777,ZYN,Wethio,,,,,,,,,
0,83293,QUBIC,Qubic,,,,,,,,,29169
1,88888,RYO,c0ban,secp256k1,sha256,,,0x12,0x1c,0x88,,2976
0,99999,WICC,Waykichain,,,,,,,,,
0,100500,HOME,HomeCoin,,,,,,,,,
0,101010,STC,Starcoin,,,,,,,,,
0,104109,SH,Seed Hypermedia,,,,,,,,,
0,105105,STRAX,Strax,,,,,,,,,
0,111111,KAS,Kaspa,secp256k1,k12,,,,,,,
0,121337,KLS,Karlsen,,,,,,,,,
0,123456,SPR,Spectre,,,,,,,,,
0,130822,WBT,WhiteBIT Coin,,,,,,,,,21353
0,161803,APTA,Bloqs4Good,,,,,,,,,
0,189189,QUAN,Quantus Network,,,,,,,,,
1,200625,AKA,Akroma,secp256k1,keccak256,,,,,,TRUE,3151
1,200901,BTR,Bitlayer,secp256k1,keccak256,,,,,,TRUE,36277
1,224433,CONET,CONET Holesky Network,secp256k1,keccak256,,,,,,TRUE,
1,246529,ATS,ARTIS sigma1,secp256k1,keccak256,,,,,,TRUE,
0,251022,AUTOX,Autox Coin,,,,,,,,,
0,261131,ZAMA,Zama,,,,,,,,,
0,314159,PI,Pi Network,,,,,,,,,
0,333332,VALUE,Value Chain,,,,,,,,,
0,333333,3333,Pi Value Consensus,,,,,,,,,
1,424242,X42,x42 Protocol,secp256k1,sha256,,,0x4b,0x7d,0xcc,,4097
0,440017,@G,Graphite,,,,,,,,,34910
1,534352,SCR,Scroll,secp256k1,keccak256,,,,,,TRUE,26998
0,666666,VITE,Vite,,,,,,,,,
0,696365,ICE,Ice Network,,,,,,,,,27650
0,696969,TXC,TEXITcoin,,,,,,,,,32744
0,827166,RGB,RGB on Bitcoin (mainnet),,,,,,,,,
0,827167,RGB,RGB on Bitcoin (testnet),,,,,,,,,
0,828942,RGB,RGB on Liquid (mainnet),,,,,,,,,
0,888888,SEA,Second Exchange Alliance,,,,,,,,,
1,1048576,AMAX,Armonia Meta Chain,secp256k1,keccak256,,,,,,TRUE,
0,1171337,ILT,iOlite,,,,,,,,,
1,1313114,ETHO,Etho Protocol,secp256k1,keccak256,,,,,,TRUE,3452
1,1313500,XERO,Xerom,secp256k1,keccak256,,,,,,TRUE,
0,1712144,LAX,LAPO,,,,,,,,,
0,3924011,EPK,EPIK Protocol,,,,,,,,,
0,4353123,BBLU,Bitcoin-Blu,,,,,,,,,
0,4741444,HYD,Hydra Token,,,,,,,,,
0,5063758,MM,Miden,,,,,,,,,
0,5249353,BCO,BitcoinOre,,,,,,,,,
0,5249354,BHD,BitcoinHD,,,,,,,,,
0,5264462,PTN,PalletOne,,,,,,,,,
1,5655640,VLX,Velas,secp256k1,keccak256,,,,,,TRUE,4747
1,5718350,WAN,Wanchain,secp256k1,keccak256,,,,,,TRUE,2606
0,5741564,WAVES,Waves,curve25519,blake2b,,,,,,,
0,5741565,WEST,Waves Enterprise,,,,,,,,,
0,6382179,ABC,Abcmint,,,,,,,,,
0,6517357,CRM,Creamcoin,,,,,,,,,
0,7171666,BROCK,Bitrock,,,,,,,,,
0,7562605,SEM,Semux,,,,,,,,,
0,7567736,ION,ION,,,,,,,,,
0,7777777,FCT,FirmaChain,,,,,,,,,
1,7825266,WGR,Wagerr,secp256k1,sha256,0x0221312B,0x022D2533,0x49,0x3f,0xc7,,1779
0,7825267,OBSR,OBServer,,,,,,,,,
0,8163271,AFS,ANFS,,,,,,,,,
0,8163321,BTCV,Bitcoin-Value,,,,,,,,,
0,10000118,OSMO,Osmosis,,,,,,,,,12220
0,11259375,LBR,0L,,,,,,,,,
0,15118976,XDS,XDS,,,,,,,,,
1,19000118,SEI,SEI,secp256k1,keccak256,,,,,,TRUE,23149
0,20230101,ROH,Rooch,,,,,,,,,
0,20240430,NLK,NuLinkCoin,,,,,,,,,
0,22000118,DYDX,dYdX,,,,,,,,,28324
1,22000119,INJ,Injective,secp256k1,keccak256,,,,,,TRUE,7226
0,35600000,AXX,AtlasX Chain,,,,,,,,,
0,61717561,AQUA,Aquachain,,,,,,,,,
0,77777777,AZT,Aztecoin,,,,,,,,,
0,88888888,HATCH,Hatch,,,,,,,,,
0,91927009,KUSD,kUSD,,,,,,,,,
0,99999996,GENS,GENS,,,,,,,,,
0,99999997,EQ,EQ,,,,,,,,,
0,99999998,FLUID,Fluid Chains,,,,,,,,,
1,99999999,QKC,QuarkChain,secp256k1,keccak256,,,,,,TRUE,2840
0,240079435,ZORK,Zork Network,,,,,,,,,
1,268435779,MON,Monad,secp256k1,keccak256,,,,,,TRUE,30495
0,608589380,FVDC,ForumCoin,,,,,,,,,
0,1010101010,FAIC,Free AI Chain,,,,,,,,,
0,1179993420,FUEL,Fuel,,,,,,,,,
0,1179993421,TTNC,TakeTitan,,,,,,,,,
0,1179993431,MTGBP,MTGBP,,,,,,,,,
0,1179993441,QFS,Qfs,,,,,,,,,
0,1179993451,RWA,Asset Chain,,,,,,,,,
0,1179993452,BKC,Briskcoin,,,,,,,,,
0,1179993461,HXC,HuaXia Chain,,,,,,,,,
0,1179993471,AME,AME Chain,,,,,,,,,8162
0,1869902945,ATTO,Atto,,,,,,,,,
2,0,BTC,Bitcoin,secp256k1,sha256,0x0488ADE4,0x0488B21E,0x00,0x05,0x80,,1
2,2,LTC,Litecoin,secp256k1,sha256,0x019D9CFE,0x019DA462,0x30,0x32,0xb0,,2
2,43,XEM,NEM,ed25519,,,,0x68,,,,873
2,60,ETH,Ethereum,secp256k1,keccak256,,,,,,,1027
2,128,XMR,Monero,ed25519,keccak256,,,0x7F,0xC4,0x3F,,328
2,165,XNO,Nano,ed25519,blake2b,,,,,,,1567
2,313,ZIL,Zilliqa,secp256k1,sha256,,,,,,,2469
2,501,SOL,Solana,ed25519,,,,,,,,5426
2,1815,ADA,Cardano,bip32-ed25519,blake2b-224,,,,,,,2010